Ссылка;Текст
http://devanswers.ru/a/0b;ЭТОТ КОД ПЕДАЛИЛИ СЕМЬ ЧЕЛОВЕК!
http://devanswers.ru/a/0c;НУ ТАК ОТ ИНДУСОВ ЖЕ ПРОЕКТ ЗАШЕЛ!
http://devanswers.ru/a/0d;ДЛЯ НАС ЭТО НОВАЯ ТЕХНОЛОГИЯ, ПОЙМИТЕ ПРАВИЛЬНО
http://devanswers.ru/a/0e;А ЭТО РАЗВЕ НЕ ИЗ СВЕЖЕГО БЭКАПА ПОДНЯЛИ?
http://devanswers.ru/a/0f;Я ПРЕДЛАГАЮ ОСТАВИТЬ ВСЕ КАК ЕСТЬ ДО СЛЕДУЮЩЕЙ ИТЕРАЦИИ
http://devanswers.ru/a/0g;Я ПРОБОВАЛ НАПИСАТЬ УНИВЕРСАЛЬНЫЙ МОДУЛЬ НА БУДУЩЕЕ
http://devanswers.ru/a/0h;ТАК ИСТОРИЧЕСКИ СЛОЖИЛОСЬ НА ПРОЕКТЕ
http://devanswers.ru/a/0i;СКОЛЬКО ТУТ РАБОТАЮ — ПЕРВЫЙ РАЗ ТАКОЕ С ОТОБРАЖЕНИЕМ
http://devanswers.ru/a/0j;НАШ ДЖУНИОР УМУДРИЛСЯ ПОЛОЖИТЬ БАЗУ
http://devanswers.ru/a/1b;НИКТО НЕ ЗНАЕТ, ЧТО ЭТО, А ЧЕЛОВЕК УЖЕ УВОЛИЛСЯ
http://devanswers.ru/a/1c;ОНО НОРМАЛЬНО СМОТРИТСЯ, ТОЛЬКО ЕСЛИ НЕ ФУЛЛ-ХД
http://devanswers.ru/a/1d;А У МЕНЯ БЕЗ ПОДЕРГИВАНИЙ ПРОИГРЫВАЕТСЯ
http://devanswers.ru/a/1e;НЕТ, БЭКАПЫ ДЕЛАЮТСЯ ТОЛЬКО РАЗ В НЕДЕЛЮ
http://devanswers.ru/a/1f;ЕСЛИ ЭТО НЕ МЕШАЕТ ПОЛЬЗОВАТЕЛЯМ, ЛУЧШЕ НЕ ТРОГАТЬ
http://devanswers.ru/a/1g;Я ПРОСТО НЕ ВЫНОСИЛ В КОНФИГИ — ВСЕ РАВНО ПЕРЕДЕЛЫВАТЬ
http://devanswers.ru/a/1h;НУ ДАВАЙТЕ КАК-ТО ОБЫГРАЕМ ЭТО, МОЛ, ОБНОВЛЕНИЕ СЕРВЕРА И ВСЕ ТАКОЕ
http://devanswers.ru/a/1i;Я, ВООБЩЕ-ТО, НЕ ЗАНИМАЮСЬ СОПРОВОЖДЕНИЕМ
http://devanswers.ru/a/1j;ВЫ НЕ ДОЛЖНЫ ЭТОГО ХОТЕТЬ
http://devanswers.ru/a/2b;ЕГО ПО-БЫСТРОМУ ФИКСИЛИ МЕСЯЦ НАЗАД
http://devanswers.ru/a/2c;НУ, ПОЛЬЗОВАТЕЛЕЙ МАКА НЕ ТАК МНОГО...
http://devanswers.ru/a/2d;ПОСТАРАЙТЕСЬ НЕ ОБРАЩАТЬ ВНИМАНИЕ НА СООБЩЕНИЕ ОБ ОШИБКЕ, ПОТОМ ИСПРАВИМ
http://devanswers.ru/a/2e;НУ, ПУСКАЙ ДЕВОЧКИ ЗАНОВО НАБЕРУТ, МЫ НЕ ВОССТАНОВИМ...
http://devanswers.ru/a/2f;МЫ ПРОСТО ЕЩЕ НЕ ТЕСТИРОВАЛИ ПОД НАГРУЗКОЙ
http://devanswers.ru/a/2g;У МЕНЯ СЕСТРА-ШКОЛЬНИЦА СРАЗУ ПОНЯЛА, КУДА НАЖИМАТЬ
http://devanswers.ru/a/2h;МНЕ УЖЕ ДОСТАЛОСЬ В ТАКОМ СОСТОЯНИИ
http://devanswers.ru/a/2i;ВЕТКА ЧИФ ТЕПЕРЬ СМОТРИТ НА ПРОДАКШЕН, А МАСТЕР — НА ТЕСТЫ
http://devanswers.ru/a/2j;ПРЕДСТАВЬТЕ, ЧТО ЗДЕСЬ ЕСТЬ ЭТА КНОПКА
http://devanswers.ru/a/3b;БЛИН, ЧТО Ж ОНО ВЫЛЕЗЛО-ТО...
http://devanswers.ru/a/3c;НУ, ПОД ЛИНУКСОМ МАЛО КТО СИДИТ...
http://devanswers.ru/a/3d;С ЖЕЛЕЗОМ ПРОБЛЕМА
http://devanswers.ru/a/3e;НУ, ВОЗЬМИТЕ СТУДЕНТОВ, МЫ НЕ БУДЕМ ЭТО НАБИРАТЬ РУКАМИ
http://devanswers.ru/a/3f;ЧТОБЫ ВСЕ ЗАРАБОТАЛО, НУЖНО РУКАМИ ПЕРВУЮ ЗАПИСЬ В БАЗЕ СДЕЛАТЬ
http://devanswers.ru/a/3g;ДА КОМУ НУЖЕН АНДРОИД ВТОРОЙ ВЕРСИИ?
http://devanswers.ru/a/3h;А ОЛЯ МОГЛА ИМ СХОДУ НЕ ОБЕЩАТЬ ПО СРОКАМ, А ПОСОВЕТОВАТЬСЯ СНАЧАЛА?
http://devanswers.ru/a/3i;МЫ БЫ НА ГИТ ПЕРЕШЛИ, НО НЕ ВСЕ ЕГО ЗНАЮТ
http://devanswers.ru/a/4b;ТАК А МНЕ НЕ ПРИСЫЛАЛИ
http://devanswers.ru/a/4c;ИХ НЕ ТАК МНОГО, ЧТОБЫ ПОД НИХ ДЕЛАТЬ ОТДЕЛЬНУЮ ВЕРСИЮ
http://devanswers.ru/a/4d;НЕ МОЖЕТ БЫТЬ, МЫ ЭТОТ СЛУЧАЙ ОБРАБАТЫВАЕМ
http://devanswers.ru/a/4e;МЫ НЕ ХОТЕЛИ В ПЯТНИЦУ ВЫЛИВАТЬ НА ПРОД
http://devanswers.ru/a/4f;ЧТОБЫ ВСЕ ПОДНЯЛОСЬ, НУЖНО ПРАВА ВЫСТАВИТЬ
http://devanswers.ru/a/4g;НУ ТАМ БУДУТ ЧЕРНЫЕ РАМКИ, МЫ НЕ МОЖЕМ ФОТКИ ОБРЕЗАТЬ ПРОГРАММНО
http://devanswers.ru/a/4h;МЫ ЛОПАТИМ ТОННЫ ЛОГОВ, ПОТОМУ И ДОЛГО
http://devanswers.ru/a/4i;ВИРТУАЛКЕ РЕСУРСОВ МАЛО
http://devanswers.ru/a/5b;НА МНЕ И ТАК ЧЕТЫРЕ КРИТИКАЛ ТАСКА В ДЖИРЕ!
http://devanswers.ru/a/5c;У БОЛЬШИНСТВА ИЕ ДОЛЖЕН БЫЛ УЖЕ ОБНОВИТЬСЯ
http://devanswers.ru/a/5d;ТАМ НИЧЕГО НЕ МЕНЯЛОСЬ ЗА ПОСЛЕДНЮЮ НЕДЕЛЮ
http://devanswers.ru/a/5e;МЫ ПОСТОЯННО ЧИСТИМ БАЗУ, НО ОНА РАСТЕТ
http://devanswers.ru/a/5f;МЫ ЕЩЕ НЕ МЕРДЖИЛИСЬ С ТОЙ ВЕТКОЙ
http://devanswers.ru/a/5g;ЭТО НЕВОЗМОЖНО РЕШИТЬ ПРОГРАММНО
http://devanswers.ru/a/5h;ВОТ КТО ДАВАЛ ТАКИЕ ОЦЕНКИ, ТОТ ПУСКАЙ И ДЕЛАЕТ
http://devanswers.ru/a/5i;МЫ ЭТУ ФОРМУ УЖЕ РАЗ ДВАДЦАТЬ ПЕРЕДЕЛЫВАЛИ!
http://devanswers.ru/a/6b;НЕДОФИКСИЛ, ПОЛУЧАЕТСЯ...
http://devanswers.ru/a/6c;ТАК МЫ В ЛОГАХ ГЛЯНУЛИ — ЧЕЛОВЕК НА СТАРОЙ ОПЕРЕ ЗАШЕЛ!
http://devanswers.ru/a/6d;НУ КТО-ТО ЖЕ ЭТО ПОЛОМАЛ!
http://devanswers.ru/a/6e;ТАК БЫЛА ЖЕ ОТМАШКА ВСЕ ПООТКЛЮЧАТЬ!
http://devanswers.ru/a/6f;Я ЗАБЫЛ, ЧТО ТАМ ТЕСТОВЫЙ СЕРВЕР В КОНФИГАХ ПРОПИСАН
http://devanswers.ru/a/6g;ТАМ, В ПРИНЦИПЕ, ДОВОЛЬНО БЫСТРО РУКАМИ ВСЕ МОЖНО СКОНВЕРТИРОВАТЬ
http://devanswers.ru/a/6h;УСТРОИЛИ БАЛАГАН С ТРЕБОВАНИЯМИ!
http://devanswers.ru/a/6i;Я НЕ ДИЗАЙНЕР, КОНЕЧНО, НО ДИЗАЙН УНЫЛЫЙ
http://devanswers.ru/a/7b;А НА ТЕСТОВОМ СЕРВЕРЕ ВСЕ ПОДНИМАЛОСЬ
http://devanswers.ru/a/7c;ВЕРСТКА ТОЛЬКО ВНИЗУ РАСПОЛЗАЕТСЯ, ЕСЛИ ПРОКРУТИТЬ
http://devanswers.ru/a/7d;СКОРЕЕ ВСЕГО, ЭТО УЖЕ НЕ ПОВТОРИТСЯ
http://devanswers.ru/a/7e;ПОНАБИРАЛИ СЕОШНИКОВ — КОДИТЬ НЕКОМУ!
http://devanswers.ru/a/7f;Я ЗАБЫЛ, ЧТО ТАМ НАДО ОТКЛЮЧАТЬ ПРОВЕРКУ АЙПИ
http://devanswers.ru/a/7g;ТАМ ПРОСТО ПЕРЕХОД НА ЛЕТНЕЕ ВРЕМЯ НЕ УЧИТЫВАЛСЯ
http://devanswers.ru/a/7h;ЭТО НЕ ТРЕБОВАНИЯ, ЭТО ХОТЕЛКИ
http://devanswers.ru/a/7i;ТАМ НЕ ВСЕГДА АЙДИ КЛИЕНТА ПРИХОДИТ, ПОТОМУ И ВАЛИТСЯ
http://devanswers.ru/a/8b;ОНИ ФОРМАТ ОТВЕТА ПОМЕНЯЛИ
http://devanswers.ru/a/8c;НА НИХ ДАЖЕ ПИНГИ НЕ ИДУТ!
http://devanswers.ru/a/8d;Я НЕ МОГУ РАЗОРВАТЬСЯ МЕЖДУ ТАСКАМИ
http://devanswers.ru/a/8e;МЫ ПРОСТО НЕ УСПЕЛИ ПО ВРЕМЕНИ ЭТО СДЕЛАТЬ
http://devanswers.ru/a/8f;А, ТАМ ЖЕ НАДО БЫЛО ОТКЛЮЧАТЬ РЕАЛЬНЫЕ ПЛАТЕЖИ ПРИ ТЕСТАХ...
http://devanswers.ru/a/8g;Я ПОЧТИ УСПЕЛ, НО ПРИШЛОСЬ ПЕРЕКЛЮЧАТЬСЯ НА БАГФИКС
http://devanswers.ru/a/8h;Я ПО ЭТОМУ ТЗ РАБОТАТЬ НЕ БУДУ!
http://devanswers.ru/a/8i;ЧЕРТ, ЗАБЫЛ. СЕЙЧАС...
http://devanswers.ru/a/9b;НАВЕРНОЕ, В СПАМ ПОПАЛО ПО ОШИБКЕ
http://devanswers.ru/a/9c;А ОНО ПИНГУЕТСЯ?
http://devanswers.ru/a/9d;ЭТИМ ЗАНИМАЛСЯ ДРУГОЙ ОФИС
http://devanswers.ru/a/9e;ТАК ПРАЗДНИКИ БЫЛИ!
http://devanswers.ru/a/9f;А Я ДУМАЛ, ЧТО ДЕНЬГИ С ТЕСТОВОЙ КАРТОЧКИ НЕ СПИСЫВАЮТСЯ
http://devanswers.ru/a/9g;Я КОД-РЕВЬЮ БЫЛ ЗАНЯТ, ПОЭТОМУ НЕДОДЕЛАЛ
http://devanswers.ru/a/9h;ДА, МЫ ЧЕТЫРЕ МЕСЯЦА ВПЯТЕРОМ ПИСАЛИ ЯДРО
http://devanswers.ru/a/9i;БЛИН, НЕ СРАБОТАЛО. НАДО ПОДУМАТЬ ЕЩЕ...
http://devanswers.ru/a/Ab;А КАК ВЫ ВООБЩЕ НА ЭТУ СТРАНИЦУ ПОПАЛИ?
http://devanswers.ru/a/ac;СКРИПТ ПОДКЛЮЧИЛИ ДО ИНИЦИАЛИЗАЦИИ ДЖКВЕРИ
http://devanswers.ru/a/Ac;Я ПРОСИЛ СДЕЛАТЬ СКРИНШОТ, А НЕ ТОЛЬКО ОПИСАНИЕ
http://devanswers.ru/a/Ad;ВООБЩЕ СТРАННО, НЕ ДОЛЖНО БЫЛО ТАК
http://devanswers.ru/a/ad;ХОСТЕРЫ ОБЕЩАЛИ, НО НЕ ОБНОВИЛИ ВЕРСИЮ
http://devanswers.ru/a/Ae;МЫ ЭТО НЕ ОБСУЖДАЛИ НА ВСТРЕЧЕ
http://devanswers.ru/a/ae;Я С ЛИДОМ СОВЕТОВАЛСЯ — РЕШИЛИ ОТЛОЖИТЬ
http://devanswers.ru/a/Af;А Я ДУМАЛ, ЧТО ЭТО УЖЕ ПОФИКСИЛИ УТРОМ
http://devanswers.ru/a/af;ЕСЛИ БЫ НЕ ЗАДЕРЖКА С СЕРТИФИКАТАМИ, МЫ БЫ УСПЕЛИ
http://devanswers.ru/a/Ag;ДАЖЕ ЕСЛИ БЫ Я СДЕЛАЛ, НЕ УСПЕЛИ БЫ ПОТЕСТИТЬ
http://devanswers.ru/a/ag;ПОСТАНОВКА ЗАДАЧИ ПОДРАЗУМЕВАЛА ЭТО
http://devanswers.ru/a/ah;ВИНТ ПОСЫПАЛСЯ
http://devanswers.ru/a/Ah;ЭТО Я ТАКОЕ НАПИСАЛ?!
http://devanswers.ru/a/ai;НА ТРИ ДНЯ ПОЗЖЕ — НЕПРИЯТНО, НО ЧТО ПОДЕЛАТЬ
http://devanswers.ru/a/Ai;СЛИШКОМ МНОГО ВХОДНЫХ ДАННЫХ, ГОЛОВА ПУХНЕТ
http://devanswers.ru/a/aj;ДА, ТАСК ДОДЕЛАЛ. НУ, ТАМ ЕЩЕ ПОТЕСТИТЬ И ЗАДЕПЛОИТЬ, НО ТО ЕРУНДА
http://devanswers.ru/a/bb;НАВЕРНОЕ, У ВАС НЕ ВСЕ БИБЛИОТЕКИ УСТАНОВЛЕНЫ
http://devanswers.ru/a/Bb;ЮНИТ-ТЕСТЫ НЕ ПИСАЛИ ПОД ЭТУ ШТУКУ
http://devanswers.ru/a/Bc;ОНИ НЕ ДАЮТ ВСТРАИВАТЬ В ИФРЕЙМ
http://devanswers.ru/a/bc;ОНО ГДЕ-ТО В МОМЕНТ ОБРАБОТКИ УМИРАЕТ
http://devanswers.ru/a/Bd;ОКЕЙ, КАК МИНИМУМ У НАС ЕСТЬ НОРМАЛЬНОЕ СООБЩЕНИЕ ОБ ОШИБКЕ
http://devanswers.ru/a/bd;ТАМ КОНСОЛЬ ГЛЮЧИТ ПОЧЕМУ-ТО
http://devanswers.ru/a/Be;ПЕРЕУСТАНАВЛИВАЛ СКАЙП, ЛОГИ ПОХЕРИЛИСЬ
http://devanswers.ru/a/be;ТАМ НАСЛЕДОВАНИЕ ЧЕРЕЗ ЗАДНИЦУ
http://devanswers.ru/a/bf;ЧТОБЫ ТАКОГО БОЛЬШЕ НЕ БЫЛО, ПРОБУЙТЕ ОТКЛЮЧАТЬ АНТИВИРУС
http://devanswers.ru/a/Bf;Я ДУМАЛ, ЧТО ЭТО УЖЕ РЕАЛИЗОВАНО
http://devanswers.ru/a/Bg;ДАЖЕ ЕСЛИ ОНО ВЗЛЕТЕЛО БЫ, ВСЕ РАВНО ЕЩЕ РЕКЛАМУ НЕ ДАВАЛИ
http://devanswers.ru/a/bg;МЫ ЖЕ ОБСУЖДАЛИ ЭТО!
http://devanswers.ru/a/Bh;МЫ ФИЗИЧЕСКИ НЕ УСПЕВАЕМ
http://devanswers.ru/a/bh;ОЙ, КАЖЕТСЯ, Я НЕ ТУ ТАБЛИЦУ ДРОПНУЛ...
http://devanswers.ru/a/Bi;А ЕСЛИ МЫ ПЕРЕНЕСЕМ РЕЛИЗ?
http://devanswers.ru/a/bi;ПРОСТО ПО СОАПУ НЕ ОЧЕНЬ РЕЗВО БЕГАЕТ
http://devanswers.ru/a/bj;МОЖНО БЫЛО БЫ ПО УМУ ДЕЛАТЬ, НО НЕ СЕЙЧАС
http://devanswers.ru/a/cb;КОМП НЕ ПЕРЕГРУЗИЛИ ПОСЛЕ УСТАНОВКИ
http://devanswers.ru/a/Cb;МЫ ЭТО ТОЧНО ФИКСИЛИ!
http://devanswers.ru/a/cc;ДА ПОЛЬЗОВАТЕЛЬ ЭТОГО НЕ ЗАМЕТИТ ДАЖЕ!
http://devanswers.ru/a/Cc;НАВЕРНОЕ, С КИТАЙСКОГО ПЛАНШЕТА ЗАХОДИЛИ
http://devanswers.ru/a/Cd;НЕ УВЕРЕН, ЧТО ПРОБЛЕМА НА НАШЕЙ СТОРОНЕ
http://devanswers.ru/a/cd;Я ПЕРЕПРОБОВАЛ КУЧУ БИБЛИОТЕК, ЭТА ДОЛЖНА БЫЛА ЗАРАБОТАТЬ
http://devanswers.ru/a/ce;ТАМ НИ ОДНОГО КОММЕНТАРИЯ В КОДЕ
http://devanswers.ru/a/Ce;У НИХ БЫЛ ДЕНЬ НЕЗАВИСИМОСТИ, МЕНЕДЖЕРА НЕ БЫЛО
http://devanswers.ru/a/cf;МЫ ПРОСТО ЕЩЕ РЕДИРЕКТ НЕ ПОСТАВИЛИ
http://devanswers.ru/a/Cf;НУ, СКОЛЬКО ТАМ ЭТИХ ПОСЕТИТЕЛЕЙ...
http://devanswers.ru/a/cg;С НАШЕЙ СТОРОНЫ ПАКЕТЫ УХОДЯТ
http://devanswers.ru/a/Cg;ТАМ В ОДНОЙ РЕГУЛЯРКЕ ОШИБКА НЕБОЛЬШАЯ...
http://devanswers.ru/a/Ch;А ПОЧЕМУ ЭТО ЭЙЧАР РЕШАЕТ, А НЕ КОМАНДА?
http://devanswers.ru/a/ch;ЕСЛИ КРАКОЗЯБЛИКИ, ПОМЕНЯЙТЕ КОДИРОВКУ В БРАУЗЕРЕ
http://devanswers.ru/a/ci;НАС ЗАБАНИЛИ ЗА СПАМ — Я ЖЕ ПРЕДУПРЕЖДАЛ!
http://devanswers.ru/a/Ci;Я БЫ ИСПРАВИЛ, НО БОЮСЬ ЕЩЕ БОЛЬШЕ БАГОВ НАПЛОДИТЬ
http://devanswers.ru/a/cj;ТО, ЧТО ПАМЯТЬ ВСЮ ВЫЖИРАЕТ — ЭТО НОРМАЛЬНО, Я БЫ ТОЖЕ НЕ ОТКАЗАЛСЯ
http://devanswers.ru/a/Db;КТО-ТО СЛОМАЛ МОДУЛЬ
http://devanswers.ru/a/db;СКОРЕЕ ВСЕГО, АДМИНЫ НАПОРТАЧИЛИ
http://devanswers.ru/a/Dc;НАВЕРНОЕ, СТАРАЯ ПРОШИВКА, НА СВЕЖИХ ВСЕ ОК
http://devanswers.ru/a/dc;НУ, ЧУТОК МЕДЛЕННЕЕ БУДЕТ РАБОТАТЬ
http://devanswers.ru/a/Dd;А ВЫ ЗВОНИЛИ В ТЕХПОДДЕРЖКУ? ЧТО ГОВОРЯТ?
http://devanswers.ru/a/dd;ПАКЕТ КРИВО УСТАНОВИЛСЯ
http://devanswers.ru/a/De;ПРОЩЕ ПЕРЕПИСАТЬ ЗАНОВО
http://devanswers.ru/a/de;ТАМ ВСЕ ПОБИТО НА МИЛЛИОН ФАЙЛОВ
http://devanswers.ru/a/Df;КОМУ НАДО — ЗАЙДЕТ НА САЙТ ЕЩЕ РАЗ
http://devanswers.ru/a/df;ЭТА ФИЧА УРЕЗАННАЯ СЕЙЧАС
http://devanswers.ru/a/Dg;ЕСЛИ БЫ НЕ СОННАЯ ПОГОДА, Я БЫ УСПЕЛ
http://devanswers.ru/a/dg;НИКТО НЕ ЗНАЛ, ЧТО БУДУТ ФАМИЛИИ ЧЕРЕЗ ЧЕРТОЧКУ
http://devanswers.ru/a/Dh;БЕЗ ОБИД, НО ЛУЧШЕ БЫ ВЫ ОСТАЛИСЬ ВЕДУЩИМ ТЕСТЕРОМ В СВОЕ ВРЕМЯ
http://devanswers.ru/a/dh;ПАРОЛЬ ТРИ ЕДИНИЦЫ, КАК ОБЫЧНО
http://devanswers.ru/a/Di;ДАВАЙТЕ ВСЕ ОФИЦИАЛЬНО: ЗАВОДИТЕ ТИКЕТ, НАЗНАЧАЙТЕ НА МЕНЯ...
http://devanswers.ru/a/di;НЕТ, МЫ НЕ МОЖЕМ ПРОСТО КУПИТЬ ДИСК С ЕМЕЙЛАМИ И СДЕЛАТЬ РАССЫЛКУ
http://devanswers.ru/a/dj;ПОЧЕМУ-ТО ИЗ ЗАДЕРЖКИ НА НЕДЕЛЮ ДЕЛАЮТ ТРАГЕДИЮ
http://devanswers.ru/a/Eb;РАСПАРСИЛОСЬ НЕПРАВИЛЬНО, ОНИ НОВЫЙ ТЭГ ДОБАВИЛИ
http://devanswers.ru/a/eb;ЭТО В ГИТЕ НЕПРАВИЛЬНО СМЕРДЖИЛОСЬ
http://devanswers.ru/a/ec;ЗАПРОСОВ МНОГО, КОНЕЧНО, НО ЭТО ДАЖЕ ХОРОШО
http://devanswers.ru/a/Ec;ПОСЛЕДНИЙ РАЗ ТАКОЕ ЕЩЕ В ПРОШЛОЙ ВЕРСИИ ВЫСКАКИВАЛО
http://devanswers.ru/a/Ed;МЫ ПУСТУЮ СТРОКУ НЕ ОБРАБАТЫВАЕМ, ИЗВИНИТЕ
http://devanswers.ru/a/ed;ОЧЕНЬ ПОХОЖЕ НА ВИРУС
http://devanswers.ru/a/Ee;ОНО КАК БЫ РАБОТАЕТ, НО НАДО ТЕСТИТЬ
http://devanswers.ru/a/ee;ТАМ ОДИН ОГРОМНЫЙ ФАЙЛ
http://devanswers.ru/a/Ef;НУ, Я НЕ ПРОВЕРЯЛ ЕЩЕ, НО НЕ ПОХОЖЕ НА ВЗЛОМ
http://devanswers.ru/a/ef;РАССЫЛКАМИ НЕ МЫ ЗАНИМАЕМСЯ
http://devanswers.ru/a/eg;КТО ЗНАЛ, ЧТО КРОМЕ КОРПУСА, В АДРЕСЕ МОЖЕТ БЫТЬ ЕЩЕ И СТРОЕНИЕ?
http://devanswers.ru/a/Eg;У НАС В ОФИСЕ КОНДЕР СЛОМАЛСЯ, СЛОЖНО КОДИТЬ
http://devanswers.ru/a/eh;А У МЕНЯ СГЕНЕРЕННЫЙ ПДФ ЧИТАЕТСЯ НОРМАЛЬНО
http://devanswers.ru/a/Eh;ВОЗМОЖНО, КНОПКУ БЭК ЖАЛИ, А МЫ ПРОСИЛИ ТОЛЬКО ПО ССЫЛКАМ ХОДИТЬ
http://devanswers.ru/a/Ei;А ВЫ ЛОГАУТ НЕ НАЖАЛИ ПРИ ВЫХОДЕ!
http://devanswers.ru/a/ei;ИЗВИНИТЕ, МЫ НЕ МОЖЕМ ЗАПРЕТИТЬ ИМ ДЕЛАТЬ СКРИНШОТ САЙТА
http://devanswers.ru/a/ej;КОД-РЕВЬЮ НЕ ПОМОГАЕТ — РЕБЯТА НЕ ХОТЯТ ОБИЖАТЬ ДРУГ ДРУГА
http://devanswers.ru/a/Fb;ОШИБКА ТОЧНО НЕ У НАС
http://devanswers.ru/a/fb;ТАК У ВАС ЖЕ ВИНДА ЛОМАНАЯ, ЧЕГО ВЫ ХОТЕЛИ
http://devanswers.ru/a/fc;ЧЕСТНО ГОВОРЯ, ВСЕ ЗАБИЛИ НА ЭТОТ ТАСК
http://devanswers.ru/a/Fc;Я НЕ ТЕСТЕР!
http://devanswers.ru/a/fd;ЛИБА МУТНАЯ, ОНА С САМОГО НАЧАЛА СТРАННО РАБОТАЛА
http://devanswers.ru/a/Fd;Я ПОМНЮ ОБ ЭТОМ, СДЕЛАЮ КАК ОСВОБОЖУСЬ
http://devanswers.ru/a/Fe;ЕСЛИ НЕ ОТКРЫВАТЬ НА ПОЛНЫЙ ЭКРАН, ВСЕ НОРМАЛЬНО
http://devanswers.ru/a/fe;ТАМ ИМЕНА ПАПОК В АППЕРКЕЙСЕ БЫЛИ
http://devanswers.ru/a/ff;А ОН УЖЕ ДОМОЙ ПОШЕЛ, ЗАВТРА В ОБЕД ПРИДЕТ
http://devanswers.ru/a/Ff;ЭТО БЕТА-ВЕРСИЯ
http://devanswers.ru/a/Fg;ЕСЛИ БЫ Я ПИСАЛ БЫСТРО, БЫЛО БЫ БОЛЬШЕ ОШИБОК
http://devanswers.ru/a/fg;МНЕ КАЗАЛОСЬ, ЧТО ТАК БУДЕТ ЛУЧШЕ
http://devanswers.ru/a/Fh;НЕТ, ВАШ АДМИН НЕ СОВСЕМ КОМПЕТЕНТЕН
http://devanswers.ru/a/fh;ПОДТОРМАЖИВАЕТ, ЗАТО НА СВОЕМ СЕРВАКЕ ВСЕ ХОСТИТСЯ
http://devanswers.ru/a/Fi;НУ ТАК ОРАКЛ ЖЕ НАМ НИКТО НЕ КУПИТ, ВОТ И ВЕРТИМСЯ
http://devanswers.ru/a/fi;СЕЙЧАС ПРОПАТЧИМ — ДОЛЖНО ВЗЛЕТЕТЬ
http://devanswers.ru/a/fj;ДИКОЕ ЖЕЛАНИЕ СНЕСТИ ВСЕ К ЧЕРТОВОЙ МАТЕРИ!
http://devanswers.ru/a/Gb;МЫ ПРОЕКТИРОВАЛИ ПО ТЗ, ПОЗДНО ПЕРЕДЕЛЫВАТЬ
http://devanswers.ru/a/gb;У НАС ВСЕ РАБОТАЕТ, ДАЖЕ ПОД ИЕ
http://devanswers.ru/a/Gc;А Я ВИНОВАТ, ЧТО ГРОХНУЛИ БАЗУ?
http://devanswers.ru/a/gc;МЫ ДУМАЛИ, ЕГО НА ПРОДАКШЕН НЕ ВЫПУСТЯТ БЕЗ ТЕСТИРОВАНИЯ
http://devanswers.ru/a/Gd;НОРМАЛЬНЫЕ КНОПКИ, Я ПОПАДАЮ КАК-ТО
http://devanswers.ru/a/gd;ТАМ ЗАКРЫТО ВСЕ, МЫ НЕ МОЖЕМ ДОСТУЧАТЬСЯ ЧЕРЕЗ ХТТП
http://devanswers.ru/a/ge;ТАМ НЕ СРАЗУ СЕРВЕР ОТВЕЧАЕТ
http://devanswers.ru/a/Ge;ЭТО ВСЕГО ЛИШЬ ДВАДЦАТЬ ЧЕЛОВЕК ИЗ НЕСКОЛЬКИХ ТЫСЯЧ ПОЛЬЗОВАТЕЛЕЙ
http://devanswers.ru/a/gf;А НИЧЕГО, ЧТО УЖЕ ПИСЬМА РАЗОСЛАЛИ?
http://devanswers.ru/a/Gf;Я ПОЧТУ ВЧЕРА ПРОВЕРЯЛ ПОСЛЕДНИЙ РАЗ
http://devanswers.ru/a/Gg;МЫ НЕ МОЖЕМ УСКОРИТЬ РАЗРАБОТКУ — ВСЕ ТЕСТЕРЫ В ДЕКРЕТ УШЛИ
http://devanswers.ru/a/gg;НУЖНО ДОКУПИТЬ ДВА СЕРВЕРА, ЧТОБЫ НОРМАЛЬНО РАБОТАЛО
http://devanswers.ru/a/Gh;ЭТО КАК ЕСЛИ БЫ ВЫ НОВЫЙ ЯНДЕКС ПОПРОСИЛИ НАПИСАТЬ
http://devanswers.ru/a/gh;ЭТО ПЕРЕД ОТПУСКОМ БЫЛО, Я УЖЕ НЕ ПОМНЮ
http://devanswers.ru/a/gi;А ТЕПЕРЬ Я ПОСМОТРЮ, КАК МЫ СО ВСЕЙ ЭТОЙ ФИГНЕЙ ВЗЛЕТИМ...
http://devanswers.ru/a/Gi;СЕЙЛЗЫ ПРОДАЛИ ТО, ЧЕГО У НАС НЕТ, ВОТ В ЧЕМ ПРОБЛЕМА
http://devanswers.ru/a/gj;ПРЕЖДЕВРЕМЕННАЯ ОПТИМИЗАЦИЯ...
http://devanswers.ru/a/Hb;А НА ВИРУСЫ ПРОВЕРЯЛИСЬ?
http://devanswers.ru/a/hb;ПОД НОРМАЛЬНЫМИ БРАУЗЕРАМИ РАБОТАЕТ
http://devanswers.ru/a/hc;ОЙ, А Я ВАС В СС НЕ ДОБАВИЛ
http://devanswers.ru/a/Hc;ТАКОЙ ВОРКФЛОУ НЕ ПРЕДУСМОТРЕН В ПРИНЦИПЕ
http://devanswers.ru/a/hd;НО ДАЖЕ ЕСЛИ ЭТО НЕ ЗАРАБОТАЕТ, БУДЕМ СЧИТАТЬ, ЧТО МЫ ПОПЫТАЛИСЬ
http://devanswers.ru/a/Hd;У МЕНЯ СДАЧА ЗАЧЕТОВ БЫЛА, ГОТОВИЛСЯ
http://devanswers.ru/a/He;МЫ НЕУДАЧНО ПЕРЕКЛЮЧИЛИСЬ НА ДРУГОЙ СЕРВЕР
http://devanswers.ru/a/he;ЭТО БЫЛО ЗАХАРДКОЖЕНО
http://devanswers.ru/a/hf;У НИХ БИЛЛИНГ ТУПОЙ ДО УЖАСА
http://devanswers.ru/a/Hf;ЭТО ДАВНО ИЗВЕСТНЫЙ БАГ
http://devanswers.ru/a/Hg;А ЗАЧЕМ ПИСАТЬ ХОРОШО, МЫ ЖЕ ВСЕ РАВНО ПЕРЕПИСЫВАТЬ БУДЕМ?
http://devanswers.ru/a/hg;ЕСЛИ СНИМАЕТ ДЕНЬГИ ДВАЖДЫ, ЗНАЧИТ, ОН САМ НАЖИМАЛ ДВА РАЗА
http://devanswers.ru/a/hh;НУ ЭТО ЖЕ ЛОГИЧНО, РАЗВЕ НЕТ?
http://devanswers.ru/a/Hh;ТАМ ТУПО 5000 СТРОК КОДА В ФАЙЛЕ
http://devanswers.ru/a/Hi;А ЧТО ЕСЛИ МЫ ПОСТАВИМ КРАСИВУЮ ЗАГЛУШКУ, ПОКА ВСЕ В ДАУНЕ?
http://devanswers.ru/a/hi;ИНТЕГРАЦИОННЫЕ ТЕСТЫ УПАЛИ
http://devanswers.ru/a/hj;УГРОХАЛИ КУЧУ ВРЕМЕНИЯ НА ТО, ЧТО ЕСТЬ В ОУПЕНСОРСЕ...
http://devanswers.ru/a/ib;КОНФЛИКТ ВЕРСИЙ, СКОРЕЕ ВСЕГО, ВЫ ЖЕ НЕ УДАЛИЛИ СТАРУЮ
http://devanswers.ru/a/Ib;НЕТ, МЕНЯТЬ СТРУКТУРУ БАЗЫ УЖЕ НЕ БУДЕМ
http://devanswers.ru/a/Ic;ДАЖЕ НЕ ЗНАЮ, ЧТО СКАЗАТЬ. ПОПРОБУЙТЕ ЕЩЕ РАЗ
http://devanswers.ru/a/ic;Я ВЫСЫЛАЛ ИМ МЫЛОМ ЗАПРОС, НО САППОРТ МОЛЧИТ
http://devanswers.ru/a/id;НАВЕРНОЕ, В ЗАПРОСЕ ТЕРЯЮТСЯ ПАКЕТЫ
http://devanswers.ru/a/Id;НОРМАЛЬНЫЙ ИНТЕРФЕЙС, ОБЫЧНАЯ ТАБЛИЦА С ДВОЙНЫМИ ВЫПАДАЮЩИМИ СПИСКАМИ
http://devanswers.ru/a/ie;ДА, ХАРДКОД, НО ТАК БЫЛО БЫСТРЕЕ
http://devanswers.ru/a/Ie;НЕ УДАЛОСЬ ПЕРЕБОРОТЬ БАГ
http://devanswers.ru/a/If;БЕЛАЯ СТРАНИЦА ОБЫЧНО КОГДА ОШИБКА КАКАЯ-ТО
http://devanswers.ru/a/if;ОНИ САМИ НЕ ЗНАЮТ, ЧЕГО ХОТЯТ
http://devanswers.ru/a/ig;ЕСЛИ НЕ ПРИХОДЯТ УВЕДОМЛЕНИЯ, ЗНАЧИТ, ЧТО-ТО С ПОЧТОВИКОМ
http://devanswers.ru/a/Ig;НУ, Я ДУМАЛ, МЫ СТАРТАП, У НАС ГЛАВНОЕ СКОРОСТЬ, А НЕ КАЧЕСТВО
http://devanswers.ru/a/ih;ПОСТАВЬТЕ СЕБЯ НА МОЕ МЕСТО, ВЫ БЫ УСПЕЛИ ЗА НЕДЕЛЮ?
http://devanswers.ru/a/Ih;ЭТО ВЫ ЕЩЕ В ГОСКОНТОРЕ НЕ РАБОТАЛИ...
http://devanswers.ru/a/Ii;99% ПОЛЬЗОВАТЕЛЕЙ НА ЭТУ СТРАНИЦУ ДАЖЕ НЕ ПОПАДУТ, НЕ ВОЛНУЙТЕСЬ
http://devanswers.ru/a/ii;ДЕБАЖУ
http://devanswers.ru/a/ij;ДА БЕЗ РАЗНИЦЫ КАКОЙ ПАРОЛЬ, ВСЕ РАВНО НАПИШУТ НА СТИКЕРЕ
http://devanswers.ru/a/jb;НЕ БЫЛО ТИКЕТА НА ЭТОТ БАГ
http://devanswers.ru/a/Jb;СТРАННО, НИКОГДА ПОДОБНОГО НЕ ВИДЕЛ
http://devanswers.ru/a/jc;В САППОРТЕ ИМБЕЦИЛЫ ОДНИ!
http://devanswers.ru/a/Jc;ЕСЛИ БЫ МЫ ТОГДА МОНГУ ПОСТАВИЛИ, ТАКОГО НЕ БЫЛО БЫ С МУСКЛОМ!
http://devanswers.ru/a/Jc;МЫ НЕ МОЖЕМ УСКОРИТЬ РАЗРАБОТКУ — ВСЕ ТЕСТЕРЫ В ДЕКРЕТ УШЛИ
http://devanswers.ru/a/jd;МЫ ТЕСТИРОВАЛИ ТОЛЬКО ПОД ДВУМЯ АККАУНТАМИ, ДОЛЖНО И С ТРЕМЯ РАБОТАТЬ
http://devanswers.ru/a/Jd;НАДО ДОЖИДАТЬСЯ ОКОНЧАНИЯ ЗАГРУЗКИ
http://devanswers.ru/a/je;МЫ РЕШИЛИ ТОГДА НЕ ВЫНОСИТЬ В ОТДЕЛЬНЫЙ МОДУЛЬ
http://devanswers.ru/a/Je;ТАМ ВООБЩЕ ИНТЕРЕСНАЯ СИТУАЦИЯ, КОГДА МЫ ЗАХОДИМ — ВСЕ РАБОТАЕТ
http://devanswers.ru/a/Jf;А ЧТО ПИШЕТ?
http://devanswers.ru/a/jf;У НИХ НЕТ ОБРАБОТКИ ОШИБОК
http://devanswers.ru/a/Jg;ДА, КАЧЕСТВО ХРОМАЕТ, ЗАТО ОПЕРАТИВНО
http://devanswers.ru/a/jg;ЭТО СЕЙЧАС ДОЛГО, ПОТОМ ЗАКЕШИРУЕТСЯ
http://devanswers.ru/a/Jh;ЗАТО У НАС СКРАМ
http://devanswers.ru/a/jh;НУ, ТОГДА КАЗАЛОСЬ, ЧТО УСПЕВАЕМ...
http://devanswers.ru/a/Ji;ЕСЛИ БЫ У МЕНЯ БЫЛ ВЫБОР, Я БЫ ПОБОЯЛСЯ ЭТО РЕЛИЗИТЬ
http://devanswers.ru/a/ji;СТРЕЛЯТЬ-КОЛОТИТЬ! КТО НЕ УБРАЛ ДАМПЫ?!
http://devanswers.ru/a/jj;ОЙ, ЭТО Я В ОТПУСКЕ НА НОУТЕ ЖЕНЫ В БЛОКНОТЕ ПРАВИЛ
http://devanswers.ru/a/Kb;РАССИНХРОНИЗАЦИЯ ПОШЛА
http://devanswers.ru/a/kb;ТАК НЕТУ ДОКУМЕНТАЦИИ НА АПИ, КАКИЕ КО МНЕ ПРЕТЕНЗИИ?
http://devanswers.ru/a/Kc;ЕСЛИ БЫ МЫ ТОГДА МУСКЛ ПОСТАВИЛИ, ТАКОГО НЕ БЫЛО БЫ С МОНГОЙ!
http://devanswers.ru/a/kc;ПЛАТЕЖКА НЕ СГЕНЕРИЛАСЬ ИЗ-ЗА БАНКА
http://devanswers.ru/a/Kd;ДА ЧТО Ж ТАКОЕ, СНОВА НЕ ОТПРАВЛЯЕТСЯ!
http://devanswers.ru/a/kd;ТАМ ПРОСТО НЕ ПРОВЕРЯЕТСЯ НА СОВПАДЕНИЕ ИМЕН
http://devanswers.ru/a/ke;МЫ ПРОБОВАЛИ ДЕЛАТЬ ЗАДЕРЖКУ БОЛЬШЕ, НО ТОГДА ОТВАЛИВАЛОСЬ
http://devanswers.ru/a/Ke;ПЕРЕДАЙТЕ ДЕВОЧКЕ, ЧТО НУЖНО ЛАТИНИЦЕЙ НАБИРАТЬ!
http://devanswers.ru/a/kf;СКОРЕЕ ВСЕГО, КЛИЕНТА ХАКНУЛИ
http://devanswers.ru/a/Kf;ЭТО КОЛЛЕГА ДЕЛАЛ, СЕЙЧАС ПЕРЕДАМ
http://devanswers.ru/a/kg;У ВАС КУКИ НЕ ПРИНИМАЕТ, НАВЕРНОЕ
http://devanswers.ru/a/Kg;У НАС НЕТ МАКИНТОША, НЕ МОЖЕМ ПОТЕСТИТЬ
http://devanswers.ru/a/Kh;ВАЛИДАЦИЮ НЕ ПРОХОДИТ, НО РАБОТАЕТ ЖЕ
http://devanswers.ru/a/kh;Я НЕ ХОТЕЛ РАССТРАИВАТЬ, ПОЭТОМУ НЕ ГОВОРИЛ
http://devanswers.ru/a/ki;ДА, СЕЙЧАС ВСЕ НЕ ТАК РАДУЖНО, КАК НА СТАРТЕ ПРОЕКТА...
http://devanswers.ru/a/Ki;ТЕСТЫ НЕ ПРОХОДИЛИСЬ, И Я ИХ ЗАКОММЕНТИРОВАЛ
http://devanswers.ru/a/kj;ЕСЛИ ЮЗЕР НЕ МОЖЕТ ПРОЙТИ КАПЧУ, ЕМУ УЖЕ НЕ ПОНАДОБЯТСЯ ВАШИ ТОВАРЫ
http://devanswers.ru/a/Lb;ДЕРЕВО В БАЗЕ РАЗВАЛИЛОСЬ
http://devanswers.ru/a/lb;ТЗ НА ОДНОМ ЛИСТИКЕ БЫЛО
http://devanswers.ru/a/Lc;А Я ГОВОРИЛ, ЧТО НЕ БУДЕТ МАСШТАБИРОВАТЬСЯ
http://devanswers.ru/a/lc;СБИЛИСЬ НАСТРОЙКИ В НЕТБИНСЕ
http://devanswers.ru/a/Ld;НУ, ТАМ КАК БЫ НОРМАЛЬНО ВСЕ...
http://devanswers.ru/a/ld;Я БЫЛ НА МИТИНГЕ С КАНАДЦАМИ
http://devanswers.ru/a/Le;БЫЛА РАСПЕЧАТКА, НО ЕЕ КУДА-ТО ЗАНОСИЛИ УЖЕ
http://devanswers.ru/a/le;Я САМ НЕ ЗНАЮ, КАК ТАК ПОЛУЧИЛОСЬ
http://devanswers.ru/a/lf;НАСТРОЙКИ АВТОМАТОМ НЕ ПОДТЯНУЛИСЬ
http://devanswers.ru/a/Lf;ЭТО НЕ Я ДЕЛАЛ, НИЧЕГО НЕ МОГУ СКАЗАТЬ
http://devanswers.ru/a/Lg;ЕСЛИ БЫ НЕ ПРОБЛЕМА С БИЛЛИНГОМ, МЫ БЫ УСПЕЛИ
http://devanswers.ru/a/lg;ЗАВТРА БУДЕТ ОБНОВЛЕННАЯ ВЕРСИЯ, А ПОКА ТАК
http://devanswers.ru/a/lh;КОНЕЧНО, ОСЬКОММЕРЦ СТАРЕНЬКИЙ УЖЕ, НО ПРОВЕРЕННЫЙ
http://devanswers.ru/a/Lh;НУ НЕ СОВСЕМ БЕЗДЕЛЬНИЧАЛ — ХАБР ЧИТАЛ...
http://devanswers.ru/a/Li;МНЕ ОЧЕНЬ ЖАЛЬ, НО ОТ ТАКОГО НИКТО НЕ ЗАСТРАХОВАН БЫЛ
http://devanswers.ru/a/li;ПРЕДЛОЖЕННОЕ РЕШЕНИЕ НЕ ИДЕАЛЬНО, НО ДРУГИХ ПОКА НЕТ
http://devanswers.ru/a/lj;СКОЛЬКО МЫ НИ ПРОСИЛИ БУХГАЛТЕРИЮ, ОНИ ВСЕ РАВНО ТАК ДЕЛАЮТ
http://devanswers.ru/a/Mb;ВЕРОЯТНОСТЬ ТАКОЙ ОШИБКИ ПОЧТИ НУЛЕВАЯ
http://devanswers.ru/a/mb;МНЕ ЗАДАЧУ НИКТО НЕ СТАВИЛ, СДЕЛАЛ ПО СВОЕМУ УСМОТРЕНИЮ
http://devanswers.ru/a/Mc;НУ ТАК ТАМ СЕРВАК НЕ ДЕРЖИТ НАГРУЗКУ
http://devanswers.ru/a/mc;ПЕРЕУСТАНАВЛИВАЛ ВСЕ
http://devanswers.ru/a/Md;В ПРИНЦИПЕ, ЕСЛИ ГЛУБОКО НЕ ЛАЗИТЬ — ВСЕ РАБОТАЕТ
http://devanswers.ru/a/md;МИТИНГ-РУМ БЫЛ ЗАНЯТ
http://devanswers.ru/a/Me;ПОТОМУ ЧТО ИЗ-ПОД РУТА РАБОТАЛИ...
http://devanswers.ru/a/me;ТАМ СЕССИЯ ПРИБИВАЕТСЯ ПО ТАЙМАУТУ
http://devanswers.ru/a/mf;ПРОБЛЕМА НЕ В КОДЕ — ПРОБЛЕМА В КВАЛИФИКАЦИИ ПОЛЬЗОВАТЕЛЕЙ
http://devanswers.ru/a/Mf;ЭТО МОЖЕТ БЫТЬ ЧТО УГОДНО
http://devanswers.ru/a/mg;ДАЖЕ БАБУШКИ УЖЕ ЗНАЮТ, ЧТО ТАКОЕ ЛОГИН
http://devanswers.ru/a/Mg;Я ПО ЛОГАМ ВИЖУ, ЧТО ТОТ ЮЗЕР НЕСКОЛЬКО РАЗ ЗАХОДИЛ, ПУСКАЙ НЕ ВРЕТ
http://devanswers.ru/a/mh;ЗАТЕКЛИ НОГИ НА СТЕНДАПЕ, ПОТОМУ И НЕ СТАЛ ТРАТИТЬ ВРЕМЯ
http://devanswers.ru/a/Mh;Я БЫ СКОНЦЕНТРИРОВАЛСЯ НА ФИЧАХ
http://devanswers.ru/a/Mi;В СЛЕДУЮЩИЙ РАЗ ОБЯЗАТЕЛЬНО СОХРАНИМ ТЕКУЩУЮ ВЕРСИЮ
http://devanswers.ru/a/mi;ТАМ КАКОЙ-ТО ГЕНИЙ ПРИДУМАЛ СВОЙ ПРОТОКОЛ С РАЗДЕЛИТЕЛЕМ ЧЕРЕЗ ТРИ ЗВЕЗДОЧКИ
http://devanswers.ru/a/mj;ДА, НЕКОТОРЫЕ НЕ ЗАМЕЧАЮТ ЭТУ КРАСНУЮ НАДПИСЬ КОНСКИМ ШРИФТОМ!
http://devanswers.ru/a/Nb;ХОРОШО, НО ОСНОВНОЙ ФУНКЦИОНАЛ РАБОТАЕТ ЖЕ
http://devanswers.ru/a/nb;Я ПРОБОВАЛ — ВЫЛАЗИТ ЭКСЕПШЕН ПОСТОЯННО
http://devanswers.ru/a/Nc;ТАК ТАМ ЖЕ РНР!
http://devanswers.ru/a/nc;ТАМ ВЫЛЕЗЛА БАГА ОДНА НЕПРИЯТНАЯ...
http://devanswers.ru/a/Nd;ЕСЛИ БЫ У НАС БЫЛ АЙФОН В КОМНАТЕ, МЫ БЫ ПОТЕСТИЛИ
http://devanswers.ru/a/nd;ОН МЕНЯ В СКАЙПЕ НЕ ДОБАВИЛ
http://devanswers.ru/a/ne;ВСЕ НОРМАЛЬНО ТАМ, МЫ ЖЕ КАК-ТО ЛОГИНИМСЯ
http://devanswers.ru/a/Ne;ТАМ ПРОСТО ПАПКУ НЕ ЗАКРЫЛИ С КОНФИГАМИ
http://devanswers.ru/a/Nf;МОЖЕТ, ТАМ ИСО КОНВЕРТИТСЯ В ВИН, А ПОТОМ УЖЕ БЬЕТСЯ В ЮНИКОДЕ
http://devanswers.ru/a/nf;ТАМ НЕБОЛЬШИЕ ИЗМЕНЕНИЯ В КОДЕ, МЫ НЕ СТАЛИ ТЕСТИТЬ
http://devanswers.ru/a/Ng;ДАВАЙТЕ СНАЧАЛА ЗАПУСТИМ, А ПОТОМ УЖЕ БУДЕМ УЛУЧШАТЬ
http://devanswers.ru/a/ng;НЕТ, ДЕВЯТЬ ЖЕНЩИН ЗА МЕСЯЦ РЕБЕНКА НЕ РОДЯТ
http://devanswers.ru/a/Nh;ДИМА СПЕЦ ПО МОНГЕ, У НЕГО СПРАШИВАЙТЕ
http://devanswers.ru/a/nh;Я УДИВЛЯЮСЬ, КАК ОНО ВООБЩЕ ЗАРАБОТАЛО У ВАС
http://devanswers.ru/a/ni;МЫ БЫ ВЗЯЛИ СТУДЕНТА, НО НА ТАКУЮ ЗАРПЛАТУ...
http://devanswers.ru/a/Ni;СОВСЕМ ВСЕ НЕ МОЖЕТ НЕ РАБОТАТЬ
http://devanswers.ru/a/nj;НЕ НАДО БЫЛО ФЛАЖКИ ДОБАВЛЯТЬ, ДА? МЫ ДУМАЛИ, ТАК КРАСИВЕЕ...
http://devanswers.ru/a/Ob;А ЕСЛИ БЫ МЫ ТАК НЕ СДЕЛАЛИ, ВООБЩЕ ПРИШЛОСЬ БЫ ВСЕ ПЕРЕДЕЛЫВАТЬ
http://devanswers.ru/a/ob;НЕ В ТУ ВЕТКУ ЗАКОММИТИЛ
http://devanswers.ru/a/oc;ДА НИКТО БЫ НЕ ОЦЕНИЛ ЭТУ ФИЧУ
http://devanswers.ru/a/Oc;ТАК ТАМ ЖЕ ПЕРЛ!
http://devanswers.ru/a/Od;А КАК МЫ ПРОВЕРИМ СМС БЕЗ АНГЛИЙСКОЙ СИМКИ?
http://devanswers.ru/a/od;ХОРОШО, ТЕПЕРЬ МЫ КАК МИНИМУМ ЗНАЕМ, ЧТО ОШИБКА НЕ ПОВТОРЯЕТСЯ
http://devanswers.ru/a/oe;НУ У ТЕСТЕРОВ И У НАС В КОМАНДЕ ВСЕ ПОКАЗЫВАЕТ
http://devanswers.ru/a/Oe;ЧТО-ТО С ПРАВАМИ НА ПАПКИ...
http://devanswers.ru/a/of;ТАМ ТОЛЬКО ОДНО УСЛОВИЕ ПОМЕНЯЛОСЬ, МЫ НЕ СТАЛИ ПЕРЕПИСЫВАТЬ ТЕСТ СЕЙЧАС
http://devanswers.ru/a/Of;У НАС ТДД — МЫ ТЕСТЫ НАПИСАЛИ, А ФУНКЦИОНАЛ НЕ УСПЕЛИ
http://devanswers.ru/a/Og;ВИДИМО, ЧТО-ТО СЛУЧИЛОСЬ
http://devanswers.ru/a/og;ЭТО НЕ ВХОДИТ В МОИ ПОЛНОМОЧИЯ
http://devanswers.ru/a/Oh;А КАК ЭТО ОТНОСИТСЯ К ПОСТАНОВКЕ ЗАДАЧИ?
http://devanswers.ru/a/oh;МЫ МОЖЕМ ПОСТАВИТЬ ВИЗУАЛЬНЫЙ РЕДАКТОР, НО ОН ТЯЖЕЛЫЙ
http://devanswers.ru/a/oi;А ЗАЧЕМ ВЫ ТОГДА ПРОСИЛИ ЭТО СДЕЛАТЬ, ЕСЛИ ОНО НЕ НУЖНО?
http://devanswers.ru/a/Oi;ТАМ НА СЕРВЕРЕ ПАРАНОРМАЛ АКТИВИТИ КАКОЕ-ТО
http://devanswers.ru/a/oj;ПОПЫТКА ОБНОВИТЬ ДВЕ БИБЛИОТЕКИ ВЫЛИЛАСЬ В ОБНОВЛЕНИЕ ВООБЩЕ ВСЕГО
http://devanswers.ru/a/Pb;НЕ ПЕРЕЗАЛИЛИ НОВЫЙ КЛЮЧ, НАВЕРНОЕ
http://devanswers.ru/a/pb;ТЕСТЕРЫ НЕ ПОТЕСТИЛИ НА БОЛЬШОМ РАЗРЕШЕНИИ, У МЕНЯ НА НОУТЕ НОРМ
http://devanswers.ru/a/pc;А НА ЧТО КЛИКАЛИ?
http://devanswers.ru/a/Pc;ТАК ТАМ ЖЕ НА РУБИ ВСЕ!
http://devanswers.ru/a/pd;В ПРИНЦИПЕ, Я НЕ ЗАДАВАЛСЯ ВОПРОСОМ, СКОЛЬКО ЮЗЕРОВ МОЖЕТ ОДНОВРЕМЕННО ВИСЕТЬ...
http://devanswers.ru/a/Pd;ЗАБЫЛИ УБРАТЬ ЗАГЛУШКУ, НАВЕРНОЕ
http://devanswers.ru/a/pe;ДА, ТАМ ЗАБЫЛИ ДОКУ ОБНОВИТЬ...
http://devanswers.ru/a/Pe;ЧТО-ТО С ПАПКОЙ ДЛЯ ПРЕВЬЮШЕК
http://devanswers.ru/a/Pf;В ФИНАЛЬНОЙ ВЕРСИИ ЭТОГО НЕ БУДЕТ, ЧЕСТНО
http://devanswers.ru/a/pf;ХУЖЕ, ЧЕМ ЕСТЬ, УЖЕ НЕ БУДЕТ
http://devanswers.ru/a/Pg;НАС ПРОСИЛИ ПОМЕНЯТЬ ЭТО В ПОСЛЕДНИЙ МОМЕНТ
http://devanswers.ru/a/pg;СКОРЕЕ ВСЕГО, ТАБЛИЦА В БАЗЕ ПОБИЛАСЬ
http://devanswers.ru/a/Ph;ДА НЕ ХОТЕЛОСЬ БЫ НА ВЫХОДНЫЕ В ОФИС ПРИХОДИТЬ...
http://devanswers.ru/a/ph;СЕЙЧАС В ТРЕНДЕ БЭКБОН
http://devanswers.ru/a/Pi;ДА, ТАМ ОТКУДА-ТО ПРОШЛОГОДНИЙ КУРС ДОЛЛАРА ВЫЛЕЗ В МАГАЗИНЕ...
http://devanswers.ru/a/pi;Я НЕ НАСТРАИВАЮ СЕРВЕРА, Я ПИШУ СКРИПТЫ
http://devanswers.ru/a/pj;Я ХОТЕЛ ОТВЕТИТЬ НА ПИСЬМО, НО ЧТО-ТО ПОМЕШАЛО
http://devanswers.ru/a/Qb;А ОН В ОТПУСК УШЕЛ И НИЧЕГО МНЕ НЕ ОСТАВЛЯЛ
http://devanswers.ru/a/qb;ДИЗАЙНЕР НАРИСОВАЛ ФИГНЮ КАКУЮ-ТО
http://devanswers.ru/a/qc;А ЧИСТИЛИ КЭШ?
http://devanswers.ru/a/Qc;МНОГО ЭЛЕМЕНТОВ, РЕНДЕРИТСЯ КАКОЕ-ТО ВРЕМЯ
http://devanswers.ru/a/Qd;ЗАБЫЛ ЗАКОММЕНТИТЬ. СЕЙЧАС...
http://devanswers.ru/a/qd;МЫ БЫ ТАК СДЕЛАЛИ, НО МЕСТА НА ДИСКЕ НЕ БЫЛО
http://devanswers.ru/a/qe;В ДОКАХ НЕ ВСЕ СЕЙЧАС ЕСТЬ, ЛУЧШЕ СПРАШИВАТЬ У ЛЕШИ
http://devanswers.ru/a/Qe;ШАБЛОНЫ НЕ ОТТУДА БЕРУТСЯ
http://devanswers.ru/a/qf;ВВОДИТЕ ПОКА ВСЕ В КОПЕЙКАХ, ПОТОМ ДОБАВИМ ТОЧКУ
http://devanswers.ru/a/Qf;ВЫ НЕПРАВИЛЬНО НАЖИМАЕТЕ
http://devanswers.ru/a/qg;ВСЕ НОРМАЛЬНО, ПОЛЬЗОВАТЕЛЬ НЕ ВИДИТ ЭТОЙ ОШИБКИ
http://devanswers.ru/a/Qg;ВЧЕРА БЫЛ ДЕНЬ РОЖДЕНИЯ, САМИ ПОНИМАЕТЕ...
http://devanswers.ru/a/qh;ВОССТАНОВЛЕНИЕ ПАРОЛЯ ПОКА НЕ РАБОТАЕТ, ДАВАЙТЕ РУКАМИ В БАЗЕ ПОМЕНЯЮ
http://devanswers.ru/a/Qh;ПОВЕРЬТЕ МОЕМУ ОПЫТУ, ЛУЧШЕ БЕЗ ДЖУМЛЫ
http://devanswers.ru/a/qi;ПОЖАЛУЙ, УЖЕ ПОЗДНО МЕНЯТЬ АРХИТЕКТУРУ
http://devanswers.ru/a/Qi;ЭТО ВСЕ ХОРОШО, КОНЕЧНО, НО КТО ЕГО БУДЕТ ДЕЛАТЬ?
http://devanswers.ru/a/qj;ОНА ЗАРАБОТАЛА И СНОВА ПЕРЕСТАЛА
http://devanswers.ru/a/rb;Я НЕ ДИЗАЙНЕР!
http://devanswers.ru/a/Rb;Я НЕ ЧИТАЛ КОММЕНТЫ К ТИКЕТУ
http://devanswers.ru/a/rc;В ЛОГАХ ЧИСТО
http://devanswers.ru/a/Rc;ЭТО НОРМАЛЬНО
http://devanswers.ru/a/Rd;ЗАБЫЛ УБРАТЬ ВЫВОД В КОНСОЛЬ
http://devanswers.ru/a/rd;ОНО В СВОП УХОДИТ
http://devanswers.ru/a/re;ЕСЛИ НЕ БУДЕТ ПУСКАТЬ, ПОПРОБУЙТЕ БОЛЬШИМИ БУКВАМИ
http://devanswers.ru/a/Re;НЕ ВСЕ ФАЙЛЫ ЗАЛИЛИСЬ
http://devanswers.ru/a/Rf;У ВАС НАСТРОЙКИ БЕЗОПАСНОСТИ ПОВЫШЕННЫЕ В БРАУЗЕРЕ
http://devanswers.ru/a/rf;УДАЛЯЙТЕ ПОКА ПО ОДНОМУ, ДЛЯ ДВУХ СОТЕН ТОВАРОВ ПИСАТЬ ПАКЕТНОЕ УДАЛЕНИЕ НЕТ СМЫСЛА
http://devanswers.ru/a/Rg;ЗАТО ТАМ ЗАЛОЖЕНА ВОЗМОЖНОСТЬ МЕНЯТЬ ВСЕ ИЗ КОНФИГА
http://devanswers.ru/a/rg;МЫ НЕ СТАЛИ ДОБАВЛЯТЬ ЭФФЕКТЫ, ЧТОБЫ НЕ ПУГАТЬ ПОЛЬЗОВАТЕЛЯ
http://devanswers.ru/a/Rh;ВАС ВЫКИНУЛО, ПОТОМУ ЧТО Я ПОД ВАМИ ЗАШЕЛ
http://devanswers.ru/a/rh;ДАВАЙТЕ ТОЛЬКО ВКОНТАКТЕ, ЗАЧЕМ ВАМ ПЕНСИОНЕРЫ С ОДНОКЛАССНИКОВ?
http://devanswers.ru/a/Ri;В ПОСЛЕДНЕЕ ВРЕМЯ МНЕ ХОЧЕТСЯ СТАТЬ ДЖУНИОРОМ И НИ ЗА ЧТО НЕ ОТВЕЧАТЬ
http://devanswers.ru/a/ri;ВЕЛОСИПЕД, КОНЕЧНО, А ЧТО ВЫ ХОТЕЛИ
http://devanswers.ru/a/rj;КАКИЕ-ТО АРТЕФАКТЫ ПОЯВИЛИСЬ...
http://devanswers.ru/a/sb;БУХГАЛТЕРИЯ НЕ ПРОПЛАТИЛА ХОСТИНГ
http://devanswers.ru/a/Sb;У МЕНЯ НЕ ПРОЧИТАЛОСЬ С ФЛЕШКИ
http://devanswers.ru/a/sc;БАГ-РЕПОРТОВ НЕ БЫЛО
http://devanswers.ru/a/Sc;ТАК ТАМ ЖЕ НА ДОТНЕТЕ ВСЕ!
http://devanswers.ru/a/Sd;ЗАБЫЛ ПОЧИСТИТЬ ЛОГИ
http://devanswers.ru/a/sd;ТАМ ТЕТКА У ЗАКАЗЧИКА НЕВМЕНЯЕМАЯ
http://devanswers.ru/a/se;ЕСЛИ НЕ СМОЖЕТЕ ОТПРАВИТЬ ЧЕРЕЗ ФОРМУ, ПЕРЕЛОГИНЬТЕСЬ
http://devanswers.ru/a/Se;ЗАДЕПЛОИЛОСЬ, НО НЕ СТАРТОНУЛО
http://devanswers.ru/a/sf;ТАМ ПРИХОДИТ КАКОЙ-ТО ОТВЕТ, НО МЫ ЕГО НЕ ОБРАБАТЫВАЕМ
http://devanswers.ru/a/Sf;ЭКСПОРТ ИЗ БАЗЫ НАДО НАСТРАИВАТЬ САМИМ
http://devanswers.ru/a/Sg;ТРИ СЕКУНДЫ ЗАГРУЗКИ — МНОГОВАТО, НО ТЕРПИМО
http://devanswers.ru/a/sg;ЭТО НЕ ШРИФТ МЕЛКИЙ, ЭТО МОНИТОР БОЛЬШОЙ
http://devanswers.ru/a/sh;НАС НИКТО НЕ БУДЕТ ВЗЛАМЫВАТЬ
http://devanswers.ru/a/Sh;НУ ДАВАЙТЕ ТРОЙНОЕ ПОДТВЕРЖДЕНИЕ УДАЛЕНИЯ СДЕЛАЮ, Я УЖЕ НЕ ЗНАЮ...
http://devanswers.ru/a/si;МЫ ПРОСТО НАКАТЫВАЕМ ИЗМЕНЕНИЯ БЕЗ ПРОВЕРКИ ОШИБОК
http://devanswers.ru/a/Si;ЭТО ЧТО, СИНЬОР ДЕВЕЛОПЕР ПИСАЛ?
http://devanswers.ru/a/sj;ДЛЯ КОД-РЕВЬЮ НУЖЕН КОД, А ЭТО НАЗВАТЬ КОДОМ СЛОЖНО...
http://devanswers.ru/a/Tb;АРХИВ БИТЫЙ
http://devanswers.ru/a/tb;КОНЕЧНО, Я НЕ ЗНАЮ ИСПАНСКИЙ, ПОЭТОМУ НАПИСАЛ НА КНОПКЕ ПО-РУССКИ
http://devanswers.ru/a/tc;А ОБНОВИТЬ ПРОБОВАЛИ? КОНТРОЛ-ЭФ-ПЯТЬ
http://devanswers.ru/a/Tc;НУ, ЕСЛИ БЫ ТАМ НА ДЖАВЕ БЫЛО...
http://devanswers.ru/a/td;А Я ГОВОРИЛ, ЧТО НУЖНО БЫЛО ЕЩЕ ЧЕЛОВЕКА БРАТЬ
http://devanswers.ru/a/Td;У НАС УЖЕ БЫЛО ТАКОЕ, РЕШИЛИ ПЕРЕУСТАНОВКОЙ
http://devanswers.ru/a/te;Я ПОД ДРУГИМ АККУАНТОМ В ГУГЛЕ, НЕ СМОГ ПРОЧИТАТЬ ДОКУМЕНТ
http://devanswers.ru/a/Te;Я СМОТРЕЛ В КОД, ЭТО ТОЧНО НЕ ЗДЕСЬ
http://devanswers.ru/a/tf;НЕВАЛИДНЫЙ ДЖЕЙСОН ФОРМИРУЕТСЯ
http://devanswers.ru/a/Tf;ЭТОТ ЭЛЕМЕНТ НЕ МОЖЕТ ПРИНАДЛЕЖАТЬ ДВУМ КАТЕГОРИЯМ ОДНОВРЕМЕННО
http://devanswers.ru/a/Tg;НАВЕРНОЕ, ПЕРЕПУТАЛ МЕСТАМИ ЛОГИН И ПАРОЛЬ
http://devanswers.ru/a/tg;Я БЫ НЕ БЫЛ ТАК УВЕРЕН В ТОМ, ЧТО НАС ВЗЛОМАЛИ
http://devanswers.ru/a/Th;ВОТ ВИДИТЕ, НЕ СДЕЛАЛИ — И ПЕРЕДЕЛЫВАТЬ НЕ ПРИШЛОСЬ
http://devanswers.ru/a/th;НЕДОРЕФАКТОРИЛИ
http://devanswers.ru/a/ti;ДАВАЙТЕ КТО-ТО ОДИН ИЗ ВАШЕГО ОТДЕЛА ОБЪЯСНИТ, ЧТО НЕ РАБОТАЕТ
http://devanswers.ru/a/Ti;ДАЙТЕ МНЕ КРЕПКОГО МИДДЛА, И МЫ СВЕРНЕМ ГОРЫ!
http://devanswers.ru/a/tj;СРАЗУ В ТАСК-ТРЕКЕРЕ НЕ ОТМЕТИЛ И ЗАБЫЛ
http://devanswers.ru/a/Ub;НА СТОРОНЕ ЮЗЕРА КРИВО НАСТРОЕН ФАЙРВОЛЛ
http://devanswers.ru/a/ub;НЕ БЫЛО ИНЕТА
http://devanswers.ru/a/uc;МЫ НА ТАКИЕ ОБЪЕМЫ ДАННЫХ НЕ РАССЧИТЫВАЛИ
http://devanswers.ru/a/Uc;ТАМ ГРЕМУЧАЯ СМЕСЬ ИЗ РНР, ДЖАВЫ И ПЕРЛА
http://devanswers.ru/a/ud;А Я ГОВОРИЛ, ЧТО НЕ ЗАВЕДЕТСЯ СРАЗУ
http://devanswers.ru/a/Ud;НУ, ПОЛГОДА — ЭТО МНОГО, ДА, НО И ПРИОРИТЕТ ЖЕ НИЗКИЙ
http://devanswers.ru/a/ue;НАВЕРНОЕ, Я РАНЬШЕ УШЕЛ ТОГДА
http://devanswers.ru/a/Ue;РЕДАКТОР ПОДГЛЮЧИВАЕТ
http://devanswers.ru/a/Uf;БОЮСЬ, ЧТО ВЫ КОНТЕНТОМ КАК-ТО НЕ ТАК НАПОЛНЯЕТЕ
http://devanswers.ru/a/uf;ПОКА ДВОЙНЫЕ КАВЫЧКИ ВВОДИТЕ КАК ДВЕ ОДИНАРНЫЕ
http://devanswers.ru/a/Ug;НАБЕРИТЕ ДЖУНИОРОВ, ПУСКАЙ ОНИ ПИШУТ!
http://devanswers.ru/a/ug;НЕ МОЖЕТ БЫТЬ, У НАС КЛЮЧ 128-БИТНЫЙ
http://devanswers.ru/a/Uh;А ЧТО, КРАСНАЯ ЗВЕЗДОЧКА ВОЗЛЕ ПОЛЯ — НЕПОНЯТНО?
http://devanswers.ru/a/uh;ТАМ ПО ЦЕПОЧКЕ ПОШЛИ БАГИ
http://devanswers.ru/a/Ui;С ПЕРВОГО РАЗА НЕ ЗАВЕЛОСЬ
http://devanswers.ru/a/ui;ЧТО ИМЕННО НЕ РАБОТАЕТ?
http://devanswers.ru/a/uj;А ХОТИТЕ, МЫ ВАМ КАК КОМПЕНСАЦИЮ БЕСПЛАТНО СЧЕТЧИКИ ПРИКРУТИМ?
http://devanswers.ru/a/vb;НЕ БЫЛО СВЕТА, А СВИТЧИ НА УПСЫ НЕ ЗАВЕДЕНЫ
http://devanswers.ru/a/Vb;У ВАС В БРАУЗЕРЕ ЗАКЕШИРОВАЛОСЬ
http://devanswers.ru/a/vc;БОЛЬШЕ МЕГАБАЙТА НЕ ВЛЕЗЕТ В ЭТО ПОЛЕ
http://devanswers.ru/a/Vc;ТАМ ТУПО ДОКУПАЮТ СЕРВЕРА
http://devanswers.ru/a/vd;Я ПРОСТО ЭТО В ГОЛОВЕ ДЕРЖАЛ ДОЛГО, А ПОТОМ ЗАБЫЛ
http://devanswers.ru/a/Vd;Я ХОТЕЛ ЭТО В РЕПОРТЕ ДОБАВИТЬ
http://devanswers.ru/a/ve;ИНЕТ ДИКО ТОРМОЗИЛ, ПРИШЛОСЬ ОТЛОЖИТЬ
http://devanswers.ru/a/Ve;ТАМ ФАЙЛОВ НЕХВАТАЕТ
http://devanswers.ru/a/Vf;ЖДАЛ, ПОКА ДИЗАЙНЕР ВСЕ ОТДАСТ
http://devanswers.ru/a/vf;ОБРАТНЫЙ СЛЭШ УДАЛЯЙТЕ РУКАМИ, ЭТО В БАЗУ НЕПРАВИЛЬНО ПОЛОЖИЛИ
http://devanswers.ru/a/vg;ЭТО ГУРУ ПИСАЛ, ТАМ ВСЕ ХОРОШО ПО ОПРЕДЕЛЕНИЮ
http://devanswers.ru/a/Vg;ЭТО НЕ БАГ, ЭТО ФИЧА
http://devanswers.ru/a/Vh;А ДИЗАЙНЕР В КУРСЕ ПРО АНИМИРОВАННЫЙ ГИФ?
http://devanswers.ru/a/vh;НОДА НЕ ПОДНЯЛАСЬ
http://devanswers.ru/a/vi;А КАК, ПО ВАШЕМУ МНЕНИЮ, ОНО ДОЛЖНО БЫЛО РАБОТАТЬ?
http://devanswers.ru/a/Vi;Я ЕМУ НА СЛОВАХ ИНТЕРФЕЙС РАССКАЗЫВАЛ
http://devanswers.ru/a/vj;А ВЫ КОГДА-НИБУДЬ ВИДЕЛИ НАЗВАНИЯ ПЕРЕМЕННЫХ НА ПОЛЬСКОМ?
http://devanswers.ru/a/wb;ЗАБЫЛ ПОСТАВИТЬ ЗАПЯТУЮ
http://devanswers.ru/a/Wb;У ВАС ЧЕРЕЗ ПРОКСИ ИДЕТ, ПОЭТОМУ НЕ РАБОТАЕТ
http://devanswers.ru/a/wc;КОД СЧЕТЧИКА ВСТАВИЛ ТАКОЙ, КАКОЙ ДАЛИ
http://devanswers.ru/a/Wc;МЫ БОИМСЯ ЭТО ТРОГАТЬ
http://devanswers.ru/a/Wd;МЫ НЕ ОРИЕНТИРУЕМСЯ НА ИНОСТРАНЦЕВ, А У НАШИХ КИРИЛЛИЦА ЕСТЬ
http://devanswers.ru/a/wd;Я У СТОМАТОЛОГА БЫЛ, КОГДА ВЫ МИТИНГ ПРОВОДИЛИ
http://devanswers.ru/a/We;НУ, ДАЖЕ ЕСЛИ УПАДЕТ — ПОДЫМЕМ
http://devanswers.ru/a/we;Я ПОПРОБУЮ, НО НЕ ОБЕЩАЮ
http://devanswers.ru/a/Wf;ВЕРСТАЛЬЩИК КРИВО НАВЕРСТАЛ
http://devanswers.ru/a/wf;ПОЗЖЕ ПОФИКСИМ
http://devanswers.ru/a/wg;НУ, ДЕДЛАЙН ЖЕ ПРИБЛИЗИТЕЛЬНО ВЫСТАВЛЯЛСЯ...
http://devanswers.ru/a/Wg;НУ, Я КАК БЫ УЖЕ НЕ ПЕРВЫЙ ГОД НА ВОРДПРЕССЕ ПИШУ...
http://devanswers.ru/a/wh;НИКАК НЕ НАПИШЕМ СКРИПТ ДЛЯ ЭТОГО
http://devanswers.ru/a/Wh;ПОХОЖЕ, АДМИНКУ НЕ ЗАКРЫВАЛИ...
http://devanswers.ru/a/wi;А ПОЧЕМУ ВЫ РЕШИЛИ, ЧТО ТАКОЕ ПОВЕДЕНИЕ НЕПРОЗРАЧНО ДЛЯ ЮЗЕРА?
http://devanswers.ru/a/Wi;ИНОГДА ПРОЩЕ НА ЖИВОМ СЕРВЕРЕ ПОПРАВИТЬ ПО-БЫСТРОМУ
http://devanswers.ru/a/wj;НЕ ВОЛНУЙТЕСЬ, ЭТО НЕКРИТИЧНО ДЛЯ ПРОЕКТА
http://devanswers.ru/a/Xb;АЙПИШНИК НЕ ДОБАВИЛИ В ЛИСТ
http://devanswers.ru/a/xb;ЭТОТ КОД ОТ ВАЛЕРЧИКА ДОСТАЛСЯ
http://devanswers.ru/a/xc;А ГДЕ НАПИСАНО, ЧТО ОНО НЕ МОЖЕТ МИГАТЬ ПРИ ОТРИСОВКЕ?
http://devanswers.ru/a/Xc;ДНС НЕ ПРОПИСАЛСЯ, НАДО ЖДАТЬ
http://devanswers.ru/a/Xd;КОДИРОВКА ГДЕ-ТО ПОБИЛАСЬ
http://devanswers.ru/a/xd;Я ПОТЕРЯЛ БУМАЖКУ С АЙПИШНИКОМ, ПЫТАЛСЯ ПО ПАМЯТИ
http://devanswers.ru/a/Xe;ВОТ БУДУТ ПРОБЛЕМЫ — ТОГДА И ПИШИТЕ
http://devanswers.ru/a/xe;КАКОЙ-ТО ДЕМОН ЗАСИРАЕТ ПАМЯТЬ
http://devanswers.ru/a/Xf;ЖДАЛ ВАШЕГО ПИСЬМА, НО ТАК И НЕ ДОЖДАЛСЯ
http://devanswers.ru/a/xf;НУ РАБОТАЕТ ЖЕ!
http://devanswers.ru/a/xg;НУ, ВЫ ЖЕ НЕ ГОВОРИЛИ, ЧТО ЭТО ОКОНЧАТЕЛЬНЫЙ ДЕДЛАЙН
http://devanswers.ru/a/Xg;СТРАШНОЕ, ПОТОМУ ЧТО ЦСС ОТПАЛ
http://devanswers.ru/a/Xh;МДА, НЕ ВОВРЕМЯ МЫ ОБНОВИЛИСЬ...
http://devanswers.ru/a/xh;МЫ ПОКА РУКАМИ ДЕРГАЕМ, ПОТОМ НА КРОН ЗАВЕСИМ
http://devanswers.ru/a/Xi;ГДЕ-ТО ЧТО-ТО ПЕРЕИНИЦИАЛИЗИРУЕТСЯ
http://devanswers.ru/a/xi;Я ТАКИЕ ОКОШКИ ВО ВСЕХ СВОИХ ПРОЕКТАХ ДЕЛАЮ
http://devanswers.ru/a/xj;А ТОЛКУ СМОТРЕТЬ В ДОКУ, ЕСЛИ ЕЕ НИКТО НЕ ОБНОВЛЯЕТ?
http://devanswers.ru/a/Yb;ПАРОЛЬ НЕ ПОДОШЕЛ
http://devanswers.ru/a/yb;ЭТОТ МОДУЛЬ САНЯ ДЕЛАЛ, НЕ Я
http://devanswers.ru/a/yc;НУ ТАК ВЫ ИЗ ГЛАВНОГО МЕНЮ ПРОБОВАЛИ, А НАДО ПО ПРАВОЙ КНОПКЕ
http://devanswers.ru/a/Yc;ПРОШЛЫЙ РАЗ ТРОНУЛИ — ТРИ ЧАСА ВОССТАНАВЛИВАЛИ
http://devanswers.ru/a/yd;НУ ОНО РЕАЛЬНО НОРМАЛЬНО ВЫГЛЯДЕЛО!
http://devanswers.ru/a/Yd;ОБЫЧНО ПРИХОДИТ ПИСЬМО, ЕСЛИ ГДЕ-ТО ОШИБКА
http://devanswers.ru/a/ye;ОНО НЕ РЕСТАРТНУЛОСЬ САМО
http://devanswers.ru/a/Ye;ЭТО ПОТЕНЦИАЛЬНО ВОЗМОЖНО, НО НА ПРАКТИКЕ ЕЩЕ НЕ БЫЛО, ЧТОБЫ СОВПАЛО ТАК
http://devanswers.ru/a/yf;ЗАБЫЛИ КОНВЕРТНУТЬ В ЕВРО
http://devanswers.ru/a/Yf;НЕВАЖНО СЕБЯ ЧУВСТВОВАЛ
http://devanswers.ru/a/yg;БЫЛ НА СЕМИНАРЕ, ПОЭТОМУ СДВИГАЕМ ВСЕ НА ДЕНЬ
http://devanswers.ru/a/Yg;ДАВАЙТЕ РЕШИМ ПРОБЛЕМУ ОРГАНИЗАЦИОННО И ПРОСТО ЗАКОММЕНТИРУЕМ ТОТ КУСОК
http://devanswers.ru/a/Yh;ОКЕЙ, ХОТИТЕ ТАК — СДЕЛАЕМ ТАК, НО МЫ ПРЕДУПРЕЖДАЛИ
http://devanswers.ru/a/yh;ТУТ ЕСТЬ СЕКРЕТНЫЙ ГЕТ-ПАРАМЕТР...
http://devanswers.ru/a/yi;КОПИПАСТ, ГОВОРИТЕ? НУ ДА, КОПИПАСТ...
http://devanswers.ru/a/Yi;ЧТО-ТО С ЧЕМ-ТО НЕ ДРУЖИТ В ЭТОЙ СБОРКЕ
http://devanswers.ru/a/yj;К СОЖАЛЕНИЮ, ЭТО ФРЕМЙВОРК ГЕНЕРИТ ТАКИЕ ЗАПРОСЫ
http://devanswers.ru/a/Zb;КТО-ТО ТЭГ НЕ ЗАКРЫЛ
http://devanswers.ru/a/zb;ТАМ ЛЕША ОБЕЩАЛ ПОФИКСИТЬ ВСЕ
http://devanswers.ru/a/Zc;ТАМ, ПОДОЗРЕВАЮ, ВООБЩЕ ВСЕ ПЛОХО С ПАМЯТЬЮ
http://devanswers.ru/a/zc;Я ТАКОГО ГОВНОКОДА ЕЩЕ НЕ ВИДЕЛ
http://devanswers.ru/a/zd;Я ПРОСТО С ТАКИМ НЕ РАБОТАЛ РАНЬШЕ
http://devanswers.ru/a/Zd;Я ЭТО НЕ ФИКСИЛ, ТАМ ДОФИГА ВСЕГО
http://devanswers.ru/a/ze;А ВЫ РАЗВЕ НЕ ДЕЛАЛИ БЭКАПЫ?
http://devanswers.ru/a/Ze;ЖАЛЬ, МЫ НЕ УСПЕЛИ ПЕРЕД ДЕПЛОЕМ ПОТЕСТИТЬ
http://devanswers.ru/a/zf;СКОРО ИСПРАВИМ, ДАВАЙТЕ НЕ ЗАЦИКЛИВАТЬСЯ
http://devanswers.ru/a/Zf;ЭТОГО НЕ БЫЛО В ТЗ!
http://devanswers.ru/a/zg;ВСЕ ЛОГИЧНО: ЕСЛИ НЕ ТРЕБОВАЛОСЬ — НЕ ДЕЛАЛИ
http://devanswers.ru/a/Zg;ЕСЛИ БЫ МЫ ВСЕ ЛОГИРОВАЛИ, ВЫ БЫ РАЗОРИЛИСЬ НА ДИСКАХ
http://devanswers.ru/a/Zh;ВОТ УЖ НЕ ДУМАЛ, ЧТО ЭТА ДРЕВНЯЯ ЛИБА ГДЕ-ТО ИСПОЛЬЗОВАЛАСЬ
http://devanswers.ru/a/zh;ЕСЛИ ОШИБКА, ТО ДЕНЬГИ ВСЕ РАВНО СНИМАЕТ
http://devanswers.ru/a/Zi;ПЛЮС — МЫ ЕГО ДОДЕЛАЛИ, МИНУС — ОНО НЕ РАБОТАЕТ
http://devanswers.ru/a/zi;СТОЛЬКО ПРОБЛЕМ, КАК У ВАС, НИ У ОДНОГО КЛИЕНТА НЕ БЫЛО
